Workbook

Sheet Οδηγίες
A1: ΚΥΑ 1689/2025 και Microsoft 365: checklist συμμόρφωσης
A2: Πηγή απαιτήσεων | B2: ΚΥΑ αριθμ. 1689, «Εθνικό Πλαίσιο Απαιτήσεων Κυβερνοασφάλειας Βασικών και Σημαντικών Οντοτήτων», ΦΕΚ Β΄ 2186/6.5.2025, άρθρα 4 έως 25.
A3: Συντάκτης | B3: Δημοσθένης Αττέια, Microsoft 365 Security Insights. Η πλήρης σελίδα με φίλτρα και links: https://thecybersec.gr/kya-1689-2025/
A4: Έκδοση | B4: 30/10/2026
A5: Αποποίηση | B5: Η αντιστοίχιση είναι επαγγελματική ερμηνεία και όχι νομική συμβουλή. Μια ρύθμιση υποστηρίζει μια απαίτηση, δεν αποδεικνύει από μόνη της συμμόρφωση. Οι περιγραφές είναι σύντομες παραφράσεις. Για το ακριβές κείμενο ισχύει το ΦΕΚ.
A7: Πνευματικά δικαιώματα και όροι χρήσης
A8: Δικαιούχος | B8: © 2026 Δημοσθένης Αττέια, thecybersec.gr. Με επιφύλαξη παντός δικαιώματος.
A9: Τι προστατεύεται | B9: Η αντιστοίχιση των απαιτήσεων με ρυθμίσεις και εργαλεία της Microsoft, οι περιγραφές, τα τεκμήρια, τα σχόλια και η δομή του αρχείου είναι πρωτότυπο έργο του συντάκτη και προστατεύονται από τον ν. 2121/1993. Το κείμενο της ΚΥΑ 1689/2025 είναι δημόσιο έγγραφο και δεν αποτελεί αντικείμενο αυτής της προστασίας.
A10: Τι επιτρέπεται | B10: Η χρήση και η συμπλήρωση του αρχείου για τις εσωτερικές ανάγκες του οργανισμού σας, καθώς και η επίδειξή του σε ελεγκτές και αρμόδιες αρχές στο πλαίσιο ελέγχου.
A11: Τι απαγορεύεται χωρίς γραπτή άδεια του συντάκτη | B11: Η αναδημοσίευση, η αναδιανομή και η ανάρτηση του αρχείου ή τμήματός του σε ιστότοπους, πλατφόρμες ή μέσα κοινωνικής δικτύωσης. Η εμπορική εκμετάλλευση, μαζί με την ενσωμάτωσή του σε προϊόντα, υπηρεσίες, εκπαιδευτικό υλικό ή παραδοτέα προς τρίτους. Η αφαίρεση ή η αλλοίωση της αναφοράς στον συντάκτη και στην πηγή.
A12: Πώς το μοιράζεστε | B12: Με παραπομπή στη σελίδα https://thecybersec.gr/kya-1689-2025/, από όπου ο καθένας κατεβάζει την τρέχουσα έκδοση.
A13: Επικοινωνία για άδεια χρήσης | B13: Μέσω LinkedIn: https://www.linkedin.com/in/dimosthenisatteia/
A15: Πώς συμπληρώνεται
A16: Κίτρινες στήλες | B16: Στο φύλλο «Checklist» συμπληρώνετε μόνο τις κίτρινες στήλες: Κατάσταση, Υπεύθυνος, Τεκμήριο του οργανισμού, Ημερομηνία ελέγχου, Σημειώσεις. Οι υπόλοιπες στήλες είναι η αντιστοίχιση και δεν χρειάζεται να αλλάξουν.
A17: Κατάσταση | B17: Επιλέξτε από τη λίστα: Δεν ξεκίνησε, Σε εξέλιξη, Υλοποιήθηκε, Δεν εφαρμόζεται. Το φύλλο «Σύνοψη» υπολογίζει την ολοκλήρωση ανά άρθρο από αυτή τη στήλη.
A18: Στήλη «Αφορά» | B18: Οι γραμμές «Μόνο βασικές» δεν είναι υποχρεωτικές για τις σημαντικές οντότητες. Αν είστε σημαντική οντότητα, σημειώστε τις «Δεν εφαρμόζεται», εκτός αν τις υιοθετείτε προαιρετικά (άρθρο 3 παρ. 2 της ΚΥΑ).
A19: Παράδειγμα γραμμής | B19: 13.ζ | Κατάσταση: Υλοποιήθηκε | Υπεύθυνος: Υ.Α.Σ.Π.Ε. | Τεκμήριο του οργανισμού: Conditional Access policy «Require MFA for all users», εξαγωγή 15/09/2026 | Ημερομηνία ελέγχου: 15/09/2026
A20: Ολοκλήρωση | B20: Ποσοστό = Υλοποιήθηκε / (Απαιτήσεις − Δεν εφαρμόζεται). Οι γραμμές χωρίς κατάσταση μετρούν ως μη υλοποιημένες.
A22: Τύποι μέτρου
A23: Τεχνικό | B23: Υλοποιείται κυρίως με ρύθμιση προϊόντος Microsoft.
A24: Μικτό | B24: Χρειάζεται έγγραφο ή διαδικασία, και η Microsoft δίνει την τεχνική επιβολή ή το τεκμήριο.
A25: Οργανωτικό ή εκτός Microsoft 365 | B25: Δεν υπάρχει ρύθμιση που να το καλύπτει. Υλοποιείται με πολιτικές, διαδικασίες ή άλλα εργαλεία.
A26: Επιπλέον άδεια | B26: Προϊόν Microsoft που χρειάζεται άδεια πέρα από ένα τυπικό Microsoft 365 E3. Επιβεβαιώστε την αδειοδότηση με τον licensing partner σας.

Sheet Checklist
A1: Κωδικός | B1: Άρθρο | C1: Τίτλος άρθρου ΚΥΑ | D1: Αφορά | E1: Τι ζητά η ΚΥΑ (σύνοψη) | F1: Τύπος μέτρου | G1: Ρύθμιση ή εργαλείο Microsoft | H1: Πού βρίσκεται το τεκμήριο | I1: Επιπλέον άδεια | J1: Προσοχή | K1: Σχετικά άρθρα (thecybersec.gr) | L1: Κατάσταση | M1: Υπεύθυνος | N1: Τεκμήριο του οργανισμού | O1: Ημερομηνία ελέγχου | P1: Σημειώσεις
A2: 4.α | B2: 4 | C2: Υποχρεώσεις και ευθύνη των ανωτάτων οργάνων διοίκησης | D2: Βασικές και σημαντικές | E2: Ολοκληρωμένο πρόγραμμα διαχείρισης κινδύνων κυβερνοασφάλειας, με ευθύνη του ανώτατου οργάνου διοίκησης. | F2: Μικτό | G2: Microsoft Purview Compliance Manager (assessment «NIS2 Directive (EU) 2022/2555») ως μητρώο του προγράμματος. Microsoft Secure Score ως μετρήσιμη τεχνική βάση. | H2: Απόφαση/πρακτικό ΔΣ για το πρόγραμμα. Compliance Manager: βαθμολογία και κατάσταση improvement actions. | I2: Premium regulation του Compliance Manager για το NIS 2 (αγοράζεται ξεχωριστά, ή ως ένα από τα τρία δωρεάν premium regulations με Microsoft 365 E5) | K2: https://thecybersec.gr/posts/secure-score-grc-part-0-intro/ https://thecybersec.gr/posts/microsoft-secure-score-grc-programma-ciso/ https://thecybersec.gr/mitroo-politikon/
A3: 4.β | B3: 4 | C3: Υποχρεώσεις και ευθύνη των ανωτάτων οργάνων διοίκησης | D3: Βασικές και σημαντικές | E3: Το ανώτατο όργανο εγκρίνει και επιβλέπει το πρόγραμμα, διαθέτει πόρους, ενημερώνει το προσωπικό, λογοδοτεί και παρακολουθεί εκπαίδευση. | F3: Μικτό | G3: Αναφορά προς το ΔΣ με Secure Score και Compliance Manager. Attack simulation training και για τα μέλη της διοίκησης (περ. βε). | H3: Πρακτικά ΔΣ, εγκεκριμένος προϋπολογισμός, βεβαιώσεις εκπαίδευσης μελών ΔΣ. | I3: Microsoft Defender for Office 365 Plan 2 (Attack simulation training) | K3: https://thecybersec.gr/posts/secure-score-grc-part-0-intro/ https://thecybersec.gr/posts/microsoft-secure-score-grc-programma-ciso/ https://thecybersec.gr/tekmiriosi-ekpaideysis/ https://thecybersec.gr/mitroo-politikon/
A4: 5.1.α | B4: 5 | C4: Πλαίσιο διαχείρισης κινδύνων | D4: Βασικές και σημαντικές | E4: Πλαίσιο διαχείρισης κινδύνων κυβερνοασφάλειας, ευθυγραμμισμένο με τη διαχείριση επιχειρηματικών κινδύνων, με πρόβλεψη για τρίτα μέρη. | F4: Οργανωτικό ή εκτός Microsoft 365 | G4: Δεν καλύπτεται από ρύθμιση. Το Microsoft 365 δίνει μόνο δεδομένα εισόδου (Secure Score, Exposure Management). | H4: Εγκεκριμένη μεθοδολογία διαχείρισης κινδύνων. | I4: Microsoft Defender for Endpoint Plan 2 (Microsoft 365 E5 ή αντίστοιχο) | K4: https://thecybersec.gr/mitroo-politikon/
A5: 5.1.β | B5: 5 | C5: Πλαίσιο διαχείρισης κινδύνων | D5: Βασικές και σημαντικές | E5: Περιοδική εκτίμηση κινδύνων (risk assessment) με μεθοδολογία βασισμένη σε διεθνή πρότυπα. | F5: Μικτό | G5: Microsoft Secure Score και Microsoft Defender Vulnerability Management ως τεχνική είσοδος στην εκτίμηση κινδύνων. | H5: Μητρώο κινδύνων. Secure Score: History και τάση βαθμολογίας. | I5: Microsoft Defender for Endpoint Plan 2 ή Microsoft Defender Vulnerability Management standalone | K5: https://thecybersec.gr/posts/secure-score-grc-part-3-operations/ https://thecybersec.gr/posts/secure-score-defender-praktikos-odigos/ https://thecybersec.gr/mitroo-politikon/
A6: 5.1.γ | B6: 5 | C6: Πλαίσιο διαχείρισης κινδύνων | D6: Βασικές και σημαντικές | E6: Πλάνο αντιμετώπισης κινδύνων (risk treatment plan) με κριτήρια προτεραιοποίησης. | F6: Μικτό | G6: Κατάσταση ανά recommendation στο Secure Score (To address, Planned, Risk accepted, Resolved through third party, Resolved through alternate mitigation) ως το τεχνικό σκέλος του πλάνου. | H6: Secure Score: Recommended actions με status και σημειώσεις. Εγκεκριμένο risk treatment plan. | K6: https://thecybersec.gr/posts/secure-score-grc-part-3-operations/ https://thecybersec.gr/posts/secure-score-grc-part-1-anatomy/ https://thecybersec.gr/mitroo-politikon/
A7: 5.1.δ | B7: 5 | C7: Πλαίσιο διαχείρισης κινδύνων | D7: Βασικές και σημαντικές | E7: Αξιολόγηση και επικαιροποίηση εκτίμησης και πλάνου σε προγραμματισμένα διαστήματα και μετά από σοβαρά περιστατικά ή αλλαγές. | F7: Μικτό | G7: Secure Score History και Compliance Manager για την τεκμηρίωση της περιοδικής επανεξέτασης. | H7: Ημερολόγιο αναθεωρήσεων, εκδόσεις μητρώου κινδύνων. | K7: https://thecybersec.gr/posts/secure-score-grc-part-3-operations/
A8: 5.2 | B8: 5 | C8: Πλαίσιο διαχείρισης κινδύνων | D8: Μόνο βασικές | E8: Εμπεριστατωμένη εκτίμηση κινδύνων με cyber threat intelligence και πλήρη αξιολόγηση ευπαθειών. | F8: Μικτό | G8: Threat analytics στο Microsoft Defender XDR για threat intelligence. Microsoft Defender Vulnerability Management για την αξιολόγηση ευπαθειών. | H8: Defender portal: Threat analytics, Vulnerability management (Weaknesses, Recommendations). | I8: Microsoft Defender for Endpoint Plan 2 (περιλαμβάνεται στο Microsoft 365 E5). Εναλλακτικά Microsoft Defender Vulnerability Management standalone για την αξιολόγηση ευπαθειών. | K8: https://thecybersec.gr/posts/previews/vulnerability-remediation-agent-intune/ https://thecybersec.gr/posts/microsoft-defender-oikogeneia-praktikos-odigos/
A9: 6.α | B9: 6 | C9: Πολιτικές και διαδικασίες ασφάλειας πληροφοριών | D9: Βασικές και σημαντικές | E9: Γραπτή γενική πολιτική ασφάλειας πληροφοριών, εγκεκριμένη από το ανώτατο όργανο διοίκησης. | F9: Οργανωτικό ή εκτός Microsoft 365 | G9: Δεν καλύπτεται από ρύθμιση. SharePoint Online για ελεγχόμενη διανομή και ιστορικό εκδόσεων του εγγράφου. | H9: Εγκεκριμένη πολιτική με αριθμό έκδοσης και ημερομηνία. | K9: https://thecybersec.gr/mitroo-politikon/
A10: 6.β | B10: 6 | C10: Πολιτικές και διαδικασίες ασφάλειας πληροφοριών | D10: Βασικές και σημαντικές | E10: Έντεκα ελάχιστες θεματικές πολιτικές (πρόσβαση, αγαθά, ορθή χρήση, αφαιρούμενα μέσα, περιστατικά, εφοδιαστική αλυσίδα, δίκτυα, έλεγχοι, αντίγραφα ασφαλείας, κρυπτογράφηση, φυσική ασφάλεια). | F10: Οργανωτικό ή εκτός Microsoft 365 | G10: Οι πολιτικές είναι έγγραφα. Η τεχνική εφαρμογή κάθε πολιτικής αντιστοιχίζεται στα άρθρα 11, 12, 13, 18, 19, 22, 23, 24 και 25 αυτού του πίνακα. | H10: Οι έντεκα εγκεκριμένες θεματικές πολιτικές. | K10: https://thecybersec.gr/mitroo-politikon/
A11: 6.γ | B11: 6 | C11: Πολιτικές και διαδικασίες ασφάλειας πληροφοριών | D11: Βασικές και σημαντικές | E11: Αξιολόγηση και επικαιροποίηση των πολιτικών σε προγραμματισμένα διαστήματα και μετά από σοβαρά περιστατικά ή αλλαγές. | F11: Οργανωτικό ή εκτός Microsoft 365 | G11: Δεν καλύπτεται από ρύθμιση. | H11: Ιστορικό αναθεωρήσεων πολιτικών. | K11: https://thecybersec.gr/mitroo-politikon/
A12: 7.α | B12: 7 | C12: Ρόλοι, αρμοδιότητες και εξουσίες | D12: Βασικές και σημαντικές | E12: Ορισμός αρμοδιοτήτων και εξουσιών κυβερνοασφάλειας σε ρόλους, και ορισμός Υ.Α.Σ.Π.Ε. | F12: Μικτό | G12: Microsoft Entra ID roles (π.χ. Security Administrator, Security Reader, Compliance Administrator) ως τεχνική αποτύπωση των ρόλων. | H12: Απόφαση ορισμού Υ.Α.Σ.Π.Ε. Entra admin center: Roles and administrators (assignments). | K12: https://thecybersec.gr/posts/secure-score-defender-praktikos-odigos/ https://thecybersec.gr/mitroo-politikon/
A13: 7.β | B13: 7 | C13: Ρόλοι, αρμοδιότητες και εξουσίες | D13: Βασικές και σημαντικές | E13: Ο Υ.Α.Σ.Π.Ε. αναφέρεται απευθείας στο ανώτατο όργανο διοίκησης. | F13: Οργανωτικό ή εκτός Microsoft 365 | G13: Δεν καλύπτεται από ρύθμιση. | H13: Οργανόγραμμα, γραμμή αναφοράς, αναφορές Υ.Α.Σ.Π.Ε. προς το ΔΣ.
A14: 7.γ | B14: 7 | C14: Ρόλοι, αρμοδιότητες και εξουσίες | D14: Βασικές και σημαντικές | E14: Περιοδική αξιολόγηση και επικαιροποίηση ρόλων, αρμοδιοτήτων και εξουσιών. | F14: Μικτό | G14: Access reviews για τις αναθέσεις ρόλων (Microsoft Entra ID Governance). | H14: Αποτελέσματα access reviews, πρακτικά αναθεώρησης ρόλων. | I14: Microsoft Entra ID Governance ή Microsoft Entra ID P2
A15: 8.α | B15: 8 | C15: Ανεξάρτητος έλεγχος ασφάλειας πληροφοριών | D15: Μόνο βασικές | E15: Περιοδικοί ανεξάρτητοι έλεγχοι (independent audits) του προγράμματος ασφάλειας πληροφοριών. | F15: Μικτό | G15: Πρόσβαση μόνο για ανάγνωση στον ελεγκτή (Global Reader, Security Reader) και dashboard τεκμηρίων από Secure Score μέσω Microsoft Graph και Power BI. | H15: Εκθέσεις ελέγχου. Power BI dashboard με ιστορικό Secure Score. | K15: https://thecybersec.gr/posts/secure-score-grc-part-0-intro/ https://thecybersec.gr/posts/secure-score-grc-part-3-operations/ https://thecybersec.gr/mitroo-politikon/
A16: 8.β | B16: 8 | C16: Ανεξάρτητος έλεγχος ασφάλειας πληροφοριών | D16: Μόνο βασικές | E16: Διασφάλιση αμεροληψίας των ελεγκτών. | F16: Οργανωτικό ή εκτός Microsoft 365 | G16: Δεν καλύπτεται από ρύθμιση. | H16: Δήλωση ανεξαρτησίας ελεγκτή.
A17: 8.γ | B17: 8 | C17: Ανεξάρτητος έλεγχος ασφάλειας πληροφοριών | D17: Μόνο βασικές | E17: Διορθωτικές ενέργειες από το ανώτατο όργανο όταν ο έλεγχος δείξει ανεπάρκεια. | F17: Μικτό | G17: Παρακολούθηση των τεχνικών διορθωτικών ενεργειών ως recommendations στο Secure Score και improvement actions στο Compliance Manager. | H17: Πλάνο διορθωτικών ενεργειών με κατάσταση και ημερομηνίες. | K17: https://thecybersec.gr/posts/secure-score-grc-part-3-operations/
A18: 8.δ | B18: 8 | C18: Ανεξάρτητος έλεγχος ασφάλειας πληροφοριών | D18: Μόνο βασικές | E18: Έλεγχοι σε προγραμματισμένα διαστήματα και μετά από σοβαρά περιστατικά ή αλλαγές. | F18: Οργανωτικό ή εκτός Microsoft 365 | G18: Δεν καλύπτεται από ρύθμιση. | H18: Πρόγραμμα ελέγχων.
A19: 9.α | B19: 9 | C19: Διαδικασίες παρακολούθησης της συμμόρφωσης | D19: Βασικές και σημαντικές | E19: Διαδικασίες παρακολούθησης της συμμόρφωσης με τις κανονιστικές υποχρεώσεις και περιοδική αναφορά στο ανώτατο όργανο. | F19: Μικτό | G19: Microsoft Purview Compliance Manager με τα assessments «NIS2 Directive (EU) 2022/2555» και «ISO/IEC 27001:2022», συνδεδεμένα με το Secure Score. | H19: Compliance Manager: assessment score και εξαγωγή αναφοράς. Αναφορά προς το ΔΣ. | I19: Premium regulations του Compliance Manager για NIS 2 και ISO/IEC 27001:2022 (αγοράζονται ξεχωριστά, ή ως δύο από τα τρία δωρεάν premium regulations με Microsoft 365 E5) | K19: https://thecybersec.gr/posts/secure-score-grc-part-0-intro/ https://thecybersec.gr/posts/secure-score-grc-part-3-operations/ https://thecybersec.gr/mitroo-politikon/
A20: 9.β | B20: 9 | C20: Διαδικασίες παρακολούθησης της συμμόρφωσης | D20: Βασικές και σημαντικές | E20: Διορθωτικές ενέργειες σε περίπτωση μη συμμόρφωσης. | F20: Μικτό | G20: Ανάθεση improvement actions σε υπευθύνους στο Compliance Manager. | H20: Κατάσταση improvement actions με υπεύθυνο και ημερομηνία. | K20: https://thecybersec.gr/posts/secure-score-grc-part-3-operations/
A21: 9.γ | B21: 9 | C21: Διαδικασίες παρακολούθησης της συμμόρφωσης | D21: Βασικές και σημαντικές | E21: Παρακολούθηση σε προγραμματισμένα διαστήματα και όταν αλλάζει το κανονιστικό πλαίσιο ή οι λειτουργίες. | F21: Μικτό | G21: Το Compliance Manager ειδοποιεί όταν η Microsoft αναθεωρεί ένα template, ώστε να ενημερωθεί το assessment. | H21: Ημερολόγιο αναθεωρήσεων συμμόρφωσης. | K21: https://thecybersec.gr/posts/secure-score-grc-part-3-operations/
A22: 10.1.α | B22: 10 | C22: Ασφάλεια ανθρώπινου δυναμικού | D22: Βασικές και σημαντικές | E22: Έλεγχοι καταλληλότητας του υποψήφιου προσωπικού. | F22: Οργανωτικό ή εκτός Microsoft 365 | G22: Δεν καλύπτεται από ρύθμιση. | H22: Διαδικασία HR, αρχεία προσλήψεων. | K22: https://thecybersec.gr/mitroo-politikon/
A23: 10.1.β | B23: 10 | C23: Ασφάλεια ανθρώπινου δυναμικού | D23: Βασικές και σημαντικές | E23: Ευθύνες και καθήκοντα που παραμένουν μετά τη λήξη ή αλλαγή της απασχόλησης. | F23: Οργανωτικό ή εκτός Microsoft 365 | G23: Δεν καλύπτεται από ρύθμιση. | H23: Όροι σύμβασης, ρήτρες εμπιστευτικότητας.
A24: 10.1.γ | B24: 10 | C24: Ασφάλεια ανθρώπινου δυναμικού | D24: Βασικές και σημαντικές | E24: Διαδικασίες πειθαρχικού ελέγχου για παραβίαση των πολιτικών ασφάλειας. | F24: Οργανωτικό ή εκτός Microsoft 365 | G24: Δεν καλύπτεται από ρύθμιση. | H24: Πειθαρχική διαδικασία.
A25: 10.2 | B25: 10 | C25: Ασφάλεια ανθρώπινου δυναμικού | D25: Μόνο βασικές | E25: Επαλήθευση ιστορικού (background checks) για προσωπικό με ρόλους κυβερνοασφάλειας. | F25: Οργανωτικό ή εκτός Microsoft 365 | G25: Δεν καλύπτεται από ρύθμιση. | H25: Αρχεία ελέγχου ιστορικού.
A26: 11.α | B26: 11 | C26: Διαχείριση υλικού και λογισμικού | D26: Βασικές και σημαντικές | E26: Ακριβής και ενημερωμένος κατάλογος αγαθών (υλικό, λογισμικό, συστήματα, δεδομένα, υπηρεσίες, cloud και OT), με ιδιοκτήτη ανά αγαθό. | F26: Μικτό | G26: Device inventory στο Microsoft Defender for Endpoint και στο Microsoft Intune. Software inventory στο Defender Vulnerability Management. Cloud Discovery στο Microsoft Defender for Cloud Apps για τις cloud υπηρεσίες. Τα αγαθά OT δεν καλύπτονται από το Microsoft 365. Καλύπτονται από το Microsoft Defender for IoT, που είναι ξεχωριστό προϊόν. | H26: Defender portal: Assets, Devices. Intune: Devices. Εξαγωγές καταλόγου. | I26: Microsoft Defender for Endpoint Plan 2 ή Microsoft Defender Vulnerability Management standalone (software inventory, πλήρες device inventory). Microsoft Defender for IoT (για τα αγαθά OT). | J26: Ο ορισμός ιδιοκτήτη (owner) ανά αγαθό δεν καλύπτεται από προϊόντα Microsoft. Τηρείται σε ξεχωριστό μητρώο αγαθών. | K26: https://thecybersec.gr/posts/microsoft-defender-xdr-full-tutorial-ciso/ https://thecybersec.gr/posts/microsoft-defender-oikogeneia-praktikos-odigos/ https://thecybersec.gr/posts/defender-demystified-series/defender-demystified-part-2-four-workloads/ https://thecybersec.gr/posts/microsoft-defender-up-close-series/microsoft-defender-for-endpoint-deep-dive/ https://thecybersec.gr/posts/microsoft-defender-up-close-series/microsoft-defender-for-cloud-apps-deep-dive/ https://thecybersec.gr/mitroo-politikon/
A27: 11.β | B27: 11 | C27: Διαχείριση υλικού και λογισμικού | D27: Βασικές και σημαντικές | E27: Ταξινόμηση δεδομένων και αγαθών σε επίπεδα, με βάση εμπιστευτικότητα, ακεραιότητα και διαθεσιμότητα. | F27: Τεχνικό | G27: Sensitivity labels στο Microsoft Purview Information Protection και auto-labeling. Critical asset management στο Microsoft Security Exposure Management για την κρισιμότητα συσκευών και ταυτοτήτων. | H27: Purview portal: Information protection, Labels και Label policies. Content explorer. | I27: Microsoft 365 E5 ή Microsoft Purview Suite (auto-labeling και Content explorer). Microsoft Defender for Endpoint Plan 2 (Microsoft 365 E5 ή αντίστοιχο) | K27: https://thecybersec.gr/posts/purview-autolabeling-500k-scale-increase/ https://thecybersec.gr/mitroo-politikon/
A28: 11.γ | B28: 11 | C28: Διαχείριση υλικού και λογισμικού | D28: Βασικές και σημαντικές | E28: Γραπτή πολιτική και οδηγίες ορθής χρήσης αγαθών και δεδομένων σε όλο τον κύκλο ζωής. | F28: Μικτό | G28: Microsoft Purview Data Loss Prevention και retention policies (Data Lifecycle Management) για την τεχνική επιβολή. Retire και Wipe στο Intune για την ασφαλή απομάκρυνση. | H28: Εγκεκριμένη πολιτική. Purview: DLP policies και retention policies. | K28: https://thecybersec.gr/posts/purview-autolabeling-500k-scale-increase/ https://thecybersec.gr/posts/previews/defender-endpoint-ai-agent-runtime-protection-intune/ https://thecybersec.gr/posts/microsoft-defender-up-close-series/microsoft-defender-for-cloud-apps-deep-dive/ https://thecybersec.gr/mitroo-politikon/
A29: 11.δ | B29: 11 | C29: Διαχείριση υλικού και λογισμικού | D29: Βασικές και σημαντικές | E29: Γραπτή πολιτική για την ασφαλή διαχείριση αφαιρούμενων μέσων αποθήκευσης. | F29: Μικτό | G29: Device control (removable storage access control) στο Defender for Endpoint μέσω Intune. BitLocker To Go για κρυπτογράφηση αφαιρούμενων μέσων. | H29: Εγκεκριμένη πολιτική. Intune: Endpoint security, Attack surface reduction, Device control. | K29: https://thecybersec.gr/mitroo-politikon/
A30: 12.1.α | B30: 12 | C30: Διαχείριση κινδύνων από τις σχέσεις με προμηθευτές και παρόχους υπηρεσιών Τ.Π.Ε. | D30: Βασικές και σημαντικές | E30: Πολιτική και διαδικασίες για τις σχέσεις με προμηθευτές και παρόχους υπηρεσιών Τ.Π.Ε. | F30: Οργανωτικό ή εκτός Microsoft 365 | G30: Δεν καλύπτεται από ρύθμιση. | H30: Εγκεκριμένη πολιτική ασφάλειας εφοδιαστικής αλυσίδας. | K30: https://thecybersec.gr/mitroo-politikon/
A31: 12.1.β | B31: 12 | C31: Διαχείριση κινδύνων από τις σχέσεις με προμηθευτές και παρόχους υπηρεσιών Τ.Π.Ε. | D31: Βασικές και σημαντικές | E31: Ενημερωμένος κατάλογος άμεσων προμηθευτών και παρόχων, με σημεία επαφής, προϊόντα/υπηρεσίες και ταξινόμηση κρισιμότητας. | F31: Μικτό | G31: Cloud Discovery και cloud app catalog στο Defender for Cloud Apps για να εντοπιστούν οι cloud πάροχοι που χρησιμοποιούνται πραγματικά. Enterprise applications στο Entra ID για τις εφαρμογές τρίτων με πρόσβαση στο tenant. | H31: Μητρώο προμηθευτών. Defender portal: Cloud apps, Cloud discovery, Discovered apps. | K31: https://thecybersec.gr/posts/microsoft-defender-xdr-full-tutorial-ciso/ https://thecybersec.gr/mitroo-politikon/
A32: 12.1.γ | B32: 12 | C32: Διαχείριση κινδύνων από τις σχέσεις με προμηθευτές και παρόχους υπηρεσιών Τ.Π.Ε. | D32: Βασικές και σημαντικές | E32: Διαδικασίες διαχείρισης κινδύνων προμηθευτών σε όλο τον κύκλο ζωής: κριτήρια αξιολόγησης και απαιτήσεις κυβερνοασφάλειας για παρόχους και προϊόντα. | F32: Μικτό | G32: Risk score ανά cloud εφαρμογή στο Defender for Cloud Apps (πιστοποιήσεις, συμμόρφωση) ως κριτήριο αξιολόγησης. Ρύθμιση Allowed Agent Types «Only certified external publishers». Service Trust Portal για τις εκθέσεις ελέγχου της ίδιας της Microsoft. | H32: Αρχεία αξιολόγησης προμηθευτών. Cloud app catalog: risk score. Microsoft 365 admin center: Allowed agent types. | K32: https://thecybersec.gr/posts/allowed-agent-types-only-certified-external-publishers/ https://thecybersec.gr/posts/microsoft-defender-xdr-full-tutorial-ciso/ https://thecybersec.gr/posts/gsa-mcp-firewall/ https://thecybersec.gr/posts/microsoft-defender-up-close-series/microsoft-defender-for-cloud-apps-deep-dive/ https://thecybersec.gr/mitroo-politikon/
A33: 12.1.δ | B33: 12 | C33: Διαχείριση κινδύνων από τις σχέσεις με προμηθευτές και παρόχους υπηρεσιών Τ.Π.Ε. | D33: Βασικές και σημαντικές | E33: Ελάχιστο περιεχόμενο συμβάσεων: απαιτήσεις ασφάλειας, συστήματα και δεδομένα στα οποία αποκτά πρόσβαση ο προμηθευτής, δικαίωμα ελέγχου, ασφαλής λήξη. | F33: Μικτό | G33: Οι συμβάσεις είναι οργανωτικό μέτρο. Για την πρόσβαση και την ασφαλή λήξη: cross-tenant access settings, guest accounts με access reviews και αφαίρεση δικαιωμάτων στο Entra ID. | H33: Υπογεγραμμένες συμβάσεις. Entra admin center: External Identities, Cross-tenant access settings. | I33: Microsoft Entra ID Governance ή Microsoft Entra ID P2 (access reviews) | K33: https://thecybersec.gr/posts/generally-available/cross-tenant-message-recall-exchange-online/ https://thecybersec.gr/posts/entra-tenant-governance-ga/
A34: 12.1.ε | B34: 12 | C34: Διαχείριση κινδύνων από τις σχέσεις με προμηθευτές και παρόχους υπηρεσιών Τ.Π.Ε. | D34: Βασικές και σημαντικές | E34: Περιοδική αξιολόγηση και επικαιροποίηση πολιτικών και διαδικασιών προμηθευτών. | F34: Οργανωτικό ή εκτός Microsoft 365 | G34: Δεν καλύπτεται από ρύθμιση. | H34: Ιστορικό αναθεωρήσεων.
A35: 12.2.α | B35: 12 | C35: Διαχείριση κινδύνων από τις σχέσεις με προμηθευτές και παρόχους υπηρεσιών Τ.Π.Ε. | D35: Μόνο βασικές | E35: Ενισχυμένες απαιτήσεις κυβερνοασφάλειας για τους κρίσιμους προμηθευτές και παρόχους. | F35: Μικτό | G35: Conditional Access για external users (MFA, compliant device) και cross-tenant access settings ανά οργανισμό-προμηθευτή. | H35: Συμβατικές απαιτήσεις. Conditional Access policies με target «Guest or external users». | K35: https://thecybersec.gr/posts/generally-available/cross-tenant-message-recall-exchange-online/ https://thecybersec.gr/posts/entra-tenant-governance-ga/ https://thecybersec.gr/posts/global-secure-access/global-secure-access-meros-5-conditional-access/
A36: 12.2.β | B36: 12 | C36: Διαχείριση κινδύνων από τις σχέσεις με προμηθευτές και παρόχους υπηρεσιών Τ.Π.Ε. | D36: Μόνο βασικές | E36: Επέκταση της διαχείρισης κινδύνων σε όλη την εφοδιαστική αλυσίδα, και σε υπεργολάβους. | F36: Οργανωτικό ή εκτός Microsoft 365 | G36: Δεν καλύπτεται από ρύθμιση. | H36: Συμβατικές ρήτρες για υπεργολάβους.
A37: 13.α | B37: 13 | C37: Διαχείριση λογαριασμών και έλεγχος πρόσβασης | D37: Βασικές και σημαντικές | E37: Πολιτική και διαδικασίες λογικού ελέγχου πρόσβασης, για προσωπικό και για τρίτους. | F37: Μικτό | G37: Conditional Access στο Microsoft Entra ID ως η τεχνική επιβολή της πολιτικής. | H37: Εγκεκριμένη πολιτική ελέγχου πρόσβασης. Entra admin center: Conditional Access, Policies. | K37: https://thecybersec.gr/posts/global-secure-access/global-secure-access-meros-5-conditional-access/ https://thecybersec.gr/mitroo-politikon/
A38: 13.β | B38: 13 | C38: Διαχείριση λογαριασμών και έλεγχος πρόσβασης | D38: Βασικές και σημαντικές | E38: Μοναδική ταυτότητα για κάθε χρήστη και σύστημα, ώστε να υπάρχει λογοδοσία. | F38: Τεχνικό | G38: Ατομικοί λογαριασμοί στο Microsoft Entra ID, χωρίς κοινόχρηστους λογαριασμούς. Service principals και managed identities για τα συστήματα. Συγχρονισμός από AD με Entra Connect ή Cloud Sync. | H38: Entra admin center: Users, Enterprise applications. Sign-in logs ανά ταυτότητα. | K38: https://thecybersec.gr/posts/microsoft-entra-architecture-guide-defender/ https://thecybersec.gr/posts/azure-kai-entra-to-themelio/ https://thecybersec.gr/posts/entra-connect-mandatory-upgrade-2026/
A39: 13.γ | B39: 13 | C39: Διαχείριση λογαριασμών και έλεγχος πρόσβασης | D39: Βασικές και σημαντικές | E39: Χορήγηση και ανάκληση δικαιωμάτων με least privilege, need to know και separation of duties. | F39: Τεχνικό | G39: Microsoft Entra ID roles και ανάθεση πρόσβασης μέσω groups. Access reviews και entitlement management (Microsoft Entra ID Governance). | H39: Role assignments, group memberships, αποτελέσματα access reviews. | I39: Microsoft Entra ID Governance ή Microsoft Entra ID P2 (access reviews και entitlement management) | K39: https://thecybersec.gr/posts/previews/ad-group-enforcement-cloud-sync/ https://thecybersec.gr/posts/entra-tenant-governance-ga/ https://thecybersec.gr/posts/microsoft-defender-up-close-series/microsoft-defender-for-cloud-apps-deep-dive/
A40: 13.δ | B40: 13 | C40: Διαχείριση λογαριασμών και έλεγχος πρόσβασης | D40: Βασικές και σημαντικές | E40: Περιορισμός των προνομιούχων λογαριασμών και των δικαιωμάτων διαχείρισης στο απολύτως απαραίτητο. | F40: Τεχνικό | G40: Privileged Identity Management (just-in-time ενεργοποίηση ρόλων με έγκριση). Περιορισμός του αριθμού των Global Administrators. Phishing-resistant MFA για τους administrators. | H40: PIM: eligible και active assignments, audit history. Secure Score: recommendations για admin roles. | I40: Microsoft Entra ID P2 (Privileged Identity Management) | K40: https://thecybersec.gr/posts/secure-score-grc-part-0-intro/ https://thecybersec.gr/posts/secure-score-grc-part-1-anatomy/ https://thecybersec.gr/posts/microsoft-defender-up-close-series/microsoft-defender-for-identity-deep-dive/
A41: 13.ε | B41: 13 | C41: Διαχείριση λογαριασμών και έλεγχος πρόσβασης | D41: Βασικές και σημαντικές | E41: Προσαρμογή δικαιωμάτων πρόσβασης όταν αλλάζει ή διακόπτεται η απασχόληση. | F41: Τεχνικό | G41: Lifecycle workflows (joiner, mover, leaver) στο Microsoft Entra ID Governance. Απενεργοποίηση λογαριασμού και revoke sessions. | H41: Entra audit logs: account disabled, sessions revoked. Αρχείο αποχωρήσεων HR. | I41: Microsoft Entra ID Governance (lifecycle workflows· πρόσθετο, περιλαμβάνεται στο Microsoft 365 E7)
A42: 13.στ | B42: 13 | C42: Διαχείριση λογαριασμών και έλεγχος πρόσβασης | D42: Βασικές και σημαντικές | E42: Ισχυρές μέθοδοι ασφαλούς αυθεντικοποίησης, ανάλογες με την κρισιμότητα. | F42: Τεχνικό | G42: Authentication methods policy και authentication strengths στο Entra ID: passkeys (FIDO2), Windows Hello for Business, certificate-based authentication. Token Protection. Password protection. | H42: Entra admin center: Authentication methods, Policies και User registration details. | K42: https://thecybersec.gr/posts/passkeys-by-default-telos-sms-voice-mfa/ https://thecybersec.gr/posts/entra-token-protection-bulk-enrollment-limitation/
A43: 13.ζ | B43: 13 | C43: Διαχείριση λογαριασμών και έλεγχος πρόσβασης | D43: Βασικές και σημαντικές | E43: Πολυπαραγοντική αυθεντικοποίηση (MFA) όπου απαιτείται με βάση την κρισιμότητα. | F43: Τεχνικό | G43: Conditional Access με «Require multifactor authentication» ή «Require authentication strength», ανά εφαρμογή και επίπεδο κινδύνου. | H43: Conditional Access policies. Sign-in logs: authentication requirement. Secure Score: MFA recommendations. | I43: Microsoft Entra ID P2 (Microsoft Entra ID Protection, για policies με βάση sign-in risk ή user risk) | K43: https://thecybersec.gr/posts/passkeys-by-default-telos-sms-voice-mfa/ https://thecybersec.gr/posts/global-secure-access/global-secure-access-meros-5-conditional-access/ https://thecybersec.gr/posts/secure-score-grc-part-0-intro/
A44: 13.η | B44: 13 | C44: Διαχείριση λογαριασμών και έλεγχος πρόσβασης | D44: Βασικές και σημαντικές | E44: Περιοδική αξιολόγηση και επικαιροποίηση πολιτικών και διαδικασιών ελέγχου πρόσβασης. | F44: Μικτό | G44: Conditional Access insights and reporting. Access reviews. | H44: Ιστορικό αλλαγών Conditional Access (audit logs), αποτελέσματα access reviews. | I44: Microsoft Entra ID Governance ή Microsoft Entra ID P2 (access reviews) | J44: Το Conditional Access insights and reporting χρειάζεται Log Analytics workspace (συνδρομή Azure) με τα sign-in logs του Entra. | K44: https://thecybersec.gr/posts/global-secure-access/global-secure-access-meros-5-conditional-access/
A45: 14.α | B45: 14 | C45: Ασφαλής παραμετροποίηση υλικού, λογισμικού, υπηρεσιών και δικτύων | D45: Βασικές και σημαντικές | E45: Διαδικασίες και εργαλεία για την επιβολή ρυθμίσεων και παραμετροποιήσεων σε υλικό, λογισμικό, υπηρεσίες και δίκτυο. | F45: Τεχνικό | G45: Microsoft Intune: configuration profiles, compliance policies, security baselines. Configuration management στο Microsoft Entra Tenant Governance (baselines, drift detection, snapshots) για τις ρυθμίσεις του tenant σε Entra, Intune, Exchange Online, Teams, Purview και Defender. | H45: Intune: Devices, Configuration και Compliance, per-policy device status. | K45: https://thecybersec.gr/posts/entra-tenant-governance-ga/ https://thecybersec.gr/posts/new-features/secure-score-ai-readiness-tpm-vbs-hvci-laps/ https://thecybersec.gr/posts/generally-available/defender-identity-sensor-v3-automatic-activation/
A46: 14.β | B46: 14 | C46: Ασφαλής παραμετροποίηση υλικού, λογισμικού, υπηρεσιών και δικτύων | D46: Βασικές και σημαντικές | E46: Ασφαλής παραμετροποίηση (secure configuration) με πρότυπα κατασκευαστών ή ανεξάρτητων οργανισμών, και αρχές least functionality και least privilege. | F46: Τεχνικό | G46: Security baselines στο Intune. Recommendations του Microsoft Secure Score. Security baselines assessment (π.χ. CIS) στο Defender Vulnerability Management. Attack surface reduction rules. | H46: Secure Score: βαθμολογία και recommendations. Intune: Security baselines, status ανά profile. | I46: Microsoft Defender Vulnerability Management (add-on ή standalone) για το security baselines assessment | K46: https://thecybersec.gr/posts/secure-score-grc-part-1-anatomy/ https://thecybersec.gr/posts/secure-score-grc-part-2-ecosystem/ https://thecybersec.gr/posts/secure-score-grc-part-3-operations/ https://thecybersec.gr/posts/new-features/secure-score-ai-readiness-tpm-vbs-hvci-laps/ https://thecybersec.gr/posts/microsoft-defender-up-close-series/microsoft-defender-for-endpoint-deep-dive/ https://thecybersec.gr/mitroo-politikon/
A47: 14.γ | B47: 14 | C47: Ασφαλής παραμετροποίηση υλικού, λογισμικού, υπηρεσιών και δικτύων | D47: Βασικές και σημαντικές | E47: Αλλαγή των προεπιλεγμένων συνθηματικών (default passwords) κατά την εγκατάσταση. | F47: Μικτό | G47: Windows LAPS για μοναδικό, εναλλασσόμενο κωδικό τοπικού διαχειριστή σε κάθε συσκευή Windows. | H47: Intune: Account protection, LAPS policy. Διαδικασία εγκατάστασης για δικτυακές και λοιπές συσκευές. | J47: Το Windows LAPS καλύπτει μόνο τον τοπικό διαχειριστή των Windows. Οι δικτυακές συσκευές, οι εφαρμογές και το OT δεν καλύπτονται από το Microsoft 365. | K47: https://thecybersec.gr/posts/new-features/secure-score-ai-readiness-tpm-vbs-hvci-laps/
A48: 14.δ | B48: 14 | C48: Ασφαλής παραμετροποίηση υλικού, λογισμικού, υπηρεσιών και δικτύων | D48: Βασικές και σημαντικές | E48: Περιοδική αξιολόγηση των διαδικασιών ασφαλούς παραμετροποίησης, όταν εμφανίζονται νέες απειλές ή νέες εκδόσεις. | F48: Μικτό | G48: Νέα recommendations στο Secure Score και ανακοινώσεις στο Message center ως έναυσμα αναθεώρησης. | H48: Secure Score History. Αρχείο αναθεωρήσεων baselines. | K48: https://thecybersec.gr/posts/secure-score-grc-part-3-operations/
A49: 15.α | B49: 15 | C49: Αρχές ασφαλούς ανάπτυξης εφαρμογών | D49: Βασικές και σημαντικές | E49: Απαιτήσεις ασφάλειας για τις εφαρμογές που αποκτά ή αναπτύσσει η οντότητα, από το στάδιο του σχεδιασμού. | F49: Οργανωτικό ή εκτός Microsoft 365 | G49: Δεν καλύπτεται από το Microsoft 365. Για εφαρμογές τρίτων που συνδέονται στο tenant: user consent settings και app governance στο Microsoft Defender for Cloud Apps. | H49: Προδιαγραφές ασφάλειας εφαρμογών. | I49: Microsoft Defender for Cloud Apps (το Microsoft 365 E3 περιλαμβάνει μόνο το Cloud App Discovery) | K49: https://thecybersec.gr/mitroo-politikon/
A50: 15.β | B50: 15 | C50: Αρχές ασφαλούς ανάπτυξης εφαρμογών | D50: Βασικές και σημαντικές | E50: Αρχές ασφαλούς κώδικα και αρχιτεκτονικής: security by design, security by default, least privilege, zero trust. | F50: Οργανωτικό ή εκτός Microsoft 365 | G50: Δεν καλύπτεται από το Microsoft 365. Αν αναπτύσσετε λογισμικό: DevOps security στο Microsoft Defender for Cloud και GitHub Advanced Security. | H50: Πρότυπα ανάπτυξης, αποτελέσματα code review. | I50: Microsoft Defender for Cloud, GitHub Advanced Security | K50: https://thecybersec.gr/posts/defender-demystified-series/defender-demystified-part-3-defender-for-cloud/
A51: 15.γ | B51: 15 | C51: Αρχές ασφαλούς ανάπτυξης εφαρμογών | D51: Βασικές και σημαντικές | E51: Διαχωρισμός και προστασία των περιβαλλόντων ανάπτυξης, δοκιμών και παραγωγής. | F51: Οργανωτικό ή εκτός Microsoft 365 | G51: Δεν καλύπτεται από το Microsoft 365. Σε Azure: ξεχωριστά subscriptions ή resource groups ανά περιβάλλον, με ξεχωριστά δικαιώματα. | H51: Διάγραμμα περιβαλλόντων, δικαιώματα πρόσβασης ανά περιβάλλον. | I51: Συνδρομή Azure
A52: 15.δ | B52: 15 | C52: Αρχές ασφαλούς ανάπτυξης εφαρμογών | D52: Βασικές και σημαντικές | E52: Δοκιμές και τεχνικοί έλεγχοι ασφάλειας στα στάδια ανάπτυξης και πριν από την παραγωγική λειτουργία. | F52: Οργανωτικό ή εκτός Microsoft 365 | G52: Δεν καλύπτεται από το Microsoft 365. Αν αναπτύσσετε λογισμικό: code scanning στο GitHub Advanced Security. | H52: Αναφορές δοκιμών ασφάλειας πριν από το go-live. | I52: GitHub Advanced Security
A53: 16.α | B53: 16 | C53: Διαχείριση αλλαγών | D53: Βασικές και σημαντικές | E53: Διαδικασίες διαχείρισης αλλαγών: αξιολόγηση αντικτύπου, κατηγοριοποίηση, πλάνο υλοποίησης, δοκιμές και αποδοχή. | F53: Μικτό | G53: Σταδιακή εφαρμογή με pilot groups στο Intune. Report-only mode στο Conditional Access. Update rings και Windows Autopatch. Audit logs του Entra ID ως ίχνος των αλλαγών. Message center για τις αλλαγές του παρόχου. | H53: Αιτήματα αλλαγής. Entra audit logs. Intune: assignments ανά ring. | K53: https://thecybersec.gr/posts/global-secure-access/global-secure-access-client-windows-update-auto-upgrade/ https://thecybersec.gr/posts/entra-token-protection-bulk-enrollment-limitation/ https://thecybersec.gr/posts/entra-connect-mandatory-upgrade-2026/ https://thecybersec.gr/mitroo-politikon/
A54: 16.β | B54: 16 | C54: Διαχείριση αλλαγών | D54: Βασικές και σημαντικές | E54: Περιοδική αξιολόγηση και επικαιροποίηση των διαδικασιών διαχείρισης αλλαγών. | F54: Οργανωτικό ή εκτός Microsoft 365 | G54: Δεν καλύπτεται από ρύθμιση. | H54: Ιστορικό αναθεωρήσεων.
A55: 17.α | B55: 17 | C55: Διαχείριση και γνωστοποίηση ευπαθειών | D55: Βασικές και σημαντικές | E55: Διαδικασίες και ρόλοι για εντοπισμό, αξιολόγηση και αντιμετώπιση τεχνικών ευπαθειών. | F55: Μικτό | G55: Microsoft Defender Vulnerability Management με remediation requests προς το Intune. | H55: Διαδικασία διαχείρισης ευπαθειών. Defender portal: Vulnerability management, Remediation. | I55: Microsoft Defender for Endpoint Plan 2 (Microsoft 365 E5 ή αντίστοιχο) για το Defender Vulnerability Management | K55: https://thecybersec.gr/posts/previews/vulnerability-remediation-agent-intune/ https://thecybersec.gr/mitroo-politikon/
A56: 17.β | B56: 17 | C56: Διαχείριση και γνωστοποίηση ευπαθειών | D56: Βασικές και σημαντικές | E56: Τακτική λήψη και επεξεργασία πληροφοριών για ευπάθειες από κατάλληλες πηγές (αρχές, προμηθευτές, CSIRTs). | F56: Τεχνικό | G56: Defender Vulnerability Management (Weaknesses, με CVE και threat context) και Threat analytics. Message center για ανακοινώσεις της Microsoft. | H56: Defender portal: Weaknesses, Threat analytics. Αρχείο ενημερώσεων από CSIRT. | I56: Microsoft Defender for Endpoint Plan 2 (Microsoft 365 E5 ή αντίστοιχο) για το Defender Vulnerability Management και το Threat analytics | K56: https://thecybersec.gr/posts/previews/vulnerability-remediation-agent-intune/ https://thecybersec.gr/posts/entra-connect-mandatory-upgrade-2026/
A57: 17.γ | B57: 17 | C57: Διαχείριση και γνωστοποίηση ευπαθειών | D57: Βασικές και σημαντικές | E57: Εγκατάσταση ενημερώσεων ασφάλειας σε εύλογο χρόνο. Τεκμηριωμένες εξαιρέσεις με αντισταθμιστικά μέτρα. | F57: Τεχνικό | G57: Update rings και Windows Autopatch στο Intune. Exceptions με αιτιολόγηση στο Defender Vulnerability Management. | H57: Intune: Windows update reports. Defender portal: Remediation, Exceptions. | I57: Microsoft Defender for Endpoint Plan 2 (Microsoft 365 E5 ή αντίστοιχο) για τα exceptions στο Defender Vulnerability Management | K57: https://thecybersec.gr/posts/global-secure-access/global-secure-access-client-windows-update-auto-upgrade/ https://thecybersec.gr/posts/entra-connect-mandatory-upgrade-2026/ https://thecybersec.gr/posts/previews/vulnerability-remediation-agent-intune/
A58: 17.δ | B58: 17 | C58: Διαχείριση και γνωστοποίηση ευπαθειών | D58: Βασικές και σημαντικές | E58: Δοκιμή των ενημερώσεων σε ελεγχόμενο περιβάλλον πριν από την παραγωγή, όπου απαιτείται. | F58: Τεχνικό | G58: Pilot ring πριν από το broad ring, στα update rings του Intune ή στο Windows Autopatch. | H58: Intune: assignments ανά ring και deferral periods. | K58: https://thecybersec.gr/posts/global-secure-access/global-secure-access-client-windows-update-auto-upgrade/
A59: 17.ε | B59: 17 | C59: Διαχείριση και γνωστοποίηση ευπαθειών | D59: Βασικές και σημαντικές | E59: Περιοδικές σαρώσεις ευπαθειών με αυτοματοποιημένα εργαλεία και αναλυτική αναφορά. | F59: Τεχνικό | G59: Συνεχής αξιολόγηση ευπαθειών από το Defender Vulnerability Management στις συσκευές που έχουν γίνει onboarding. Για την εξωτερική επιφάνεια: Microsoft Defender External Attack Surface Management. Για OT: Microsoft Defender for IoT. | H59: Defender portal: Vulnerability management dashboard και εξαγωγή αναφοράς. | I59: Microsoft Defender for Endpoint Plan 2 (Microsoft 365 E5 ή αντίστοιχο) για το Defender Vulnerability Management, Microsoft Defender External Attack Surface Management, Microsoft Defender for IoT | J59: Το Defender Vulnerability Management καλύπτει τις συσκευές που έχουν γίνει onboarding. Ο δικτυακός εξοπλισμός χρειάζεται άλλο εργαλείο σάρωσης. | K59: https://thecybersec.gr/posts/previews/vulnerability-remediation-agent-intune/
A60: 17.στ | B60: 17 | C60: Διαχείριση και γνωστοποίηση ευπαθειών | D60: Βασικές και σημαντικές | E60: Αποκατάσταση ευπαθειών σε εύλογο χρόνο με πλάνο προτεραιοποίησης. Τεκμηρίωση όσων δεν αποκαθίστανται. | F60: Τεχνικό | G60: Security recommendations με προτεραιοποίηση (exposure score) και remediation tracking στο Defender Vulnerability Management. Exceptions με αιτιολόγηση. | H60: Defender portal: Recommendations, Remediation, Exceptions. | I60: Microsoft Defender for Endpoint Plan 2 (Microsoft 365 E5 ή αντίστοιχο) για το Defender Vulnerability Management | K60: https://thecybersec.gr/posts/previews/vulnerability-remediation-agent-intune/ https://thecybersec.gr/posts/secure-score-grc-part-3-operations/ https://thecybersec.gr/mitroo-politikon/
A61: 17.ζ | B61: 17 | C61: Διαχείριση και γνωστοποίηση ευπαθειών | D61: Βασικές και σημαντικές | E61: Διαδικασία γνωστοποίησης μη δημόσια γνωστών ευπαθειών στο αρμόδιο CSIRT. | F61: Οργανωτικό ή εκτός Microsoft 365 | G61: Δεν καλύπτεται από ρύθμιση. | H61: Διαδικασία γνωστοποίησης, αρχείο αναφορών προς CSIRT.
A62: 18.1.α | B62: 18 | C62: Αξιολόγηση της αποτελεσματικότητας των μέτρων διαχείρισης κινδύνων κυβερνοασφάλειας | D62: Βασικές και σημαντικές | E62: Πολιτική και διαδικασίες για τη διενέργεια ελέγχων κυβερνοασφάλειας (πεδίο, συχνότητα, είδος). | F62: Οργανωτικό ή εκτός Microsoft 365 | G62: Δεν καλύπτεται από ρύθμιση. | H62: Εγκεκριμένη πολιτική διενέργειας ελέγχων. | K62: https://thecybersec.gr/mitroo-politikon/
A63: 18.1.β | B63: 18 | C63: Αξιολόγηση της αποτελεσματικότητας των μέτρων διαχείρισης κινδύνων κυβερνοασφάλειας | D63: Βασικές και σημαντικές | E63: Εξωτερικοί έλεγχοι παρείσδυσης (external penetration tests) τουλάχιστον ετησίως ή μετά από σοβαρό περιστατικό. | F63: Οργανωτικό ή εκτός Microsoft 365 | G63: Δεν καλύπτεται από ρύθμιση. Διενεργείται από εξειδικευμένο ελεγκτή. | H63: Αναφορά penetration test.
A64: 18.1.γ | B64: 18 | C64: Αξιολόγηση της αποτελεσματικότητας των μέτρων διαχείρισης κινδύνων κυβερνοασφάλειας | D64: Βασικές και σημαντικές | E64: Αποκατάσταση των ευρημάτων των εξωτερικών ελέγχων και επικύρωση των διορθωτικών μέτρων. | F64: Μικτό | G64: Όσα ευρήματα αφορούν ρυθμίσεις του Microsoft 365 παρακολουθούνται ως recommendations στο Secure Score ή στο Defender Vulnerability Management. | H64: Πλάνο αποκατάστασης και αναφορά επανελέγχου. | I64: Microsoft Defender for Endpoint Plan 2 (Microsoft 365 E5 ή αντίστοιχο) για το Defender Vulnerability Management | K64: https://thecybersec.gr/posts/secure-score-grc-part-3-operations/ https://thecybersec.gr/mitroo-politikon/
A65: 18.1.δ | B65: 18 | C65: Αξιολόγηση της αποτελεσματικότητας των μέτρων διαχείρισης κινδύνων κυβερνοασφάλειας | D65: Βασικές και σημαντικές | E65: Ετήσια αυτοαξιολόγηση με τον Οδηγό της Εθνικής Αρχής Κυβερνοασφάλειας και αποστολή αποτελεσμάτων με πλάνο διορθωτικών ενεργειών. | F65: Μικτό | G65: Εξαγωγές από Secure Score και Compliance Manager ως τεκμήρια για τις απαντήσεις της αυτοαξιολόγησης. | H65: Υποβληθείσα αυτοαξιολόγηση και πλάνο διορθωτικών ενεργειών. | K65: https://thecybersec.gr/posts/secure-score-grc-part-0-intro/ https://thecybersec.gr/posts/secure-score-grc-part-3-operations/ https://thecybersec.gr/mitroo-politikon/
A66: 18.2.α | B66: 18 | C66: Αξιολόγηση της αποτελεσματικότητας των μέτρων διαχείρισης κινδύνων κυβερνοασφάλειας | D66: Μόνο βασικές | E66: Εσωτερικοί έλεγχοι παρείσδυσης (internal penetration tests) τουλάχιστον ετησίως ή μετά από σοβαρό περιστατικό. | F66: Οργανωτικό ή εκτός Microsoft 365 | G66: Δεν καλύπτεται από ρύθμιση. Διενεργείται από εξειδικευμένο ελεγκτή. | H66: Αναφορά internal penetration test.
A67: 18.2.β | B67: 18 | C67: Αξιολόγηση της αποτελεσματικότητας των μέτρων διαχείρισης κινδύνων κυβερνοασφάλειας | D67: Μόνο βασικές | E67: Αποκατάσταση των ευρημάτων των εσωτερικών ελέγχων και επικύρωση των διορθωτικών μέτρων. | F67: Μικτό | G67: Όσα ευρήματα αφορούν το Active Directory και τις ταυτότητες παρακολουθούνται στα security posture assessments του Microsoft Defender for Identity και στο Secure Score. | H67: Πλάνο αποκατάστασης και αναφορά επανελέγχου. | I67: Microsoft Defender for Identity (Microsoft 365 E5 ή αντίστοιχο) | K67: https://thecybersec.gr/posts/generally-available/investigate-ad-domain-defender-identity/ https://thecybersec.gr/posts/secure-score-grc-part-3-operations/
A68: 19.α | B68: 19 | C68: Ασφάλεια δικτύων | D68: Βασικές και σημαντικές | E68: Γραπτή πολιτική και διαδικασίες για την προστασία δικτύων και δικτυακών συσκευών. | F68: Οργανωτικό ή εκτός Microsoft 365 | G68: Δεν καλύπτεται από ρύθμιση. | H68: Εγκεκριμένη πολιτική ασφάλειας δικτύων. | K68: https://thecybersec.gr/mitroo-politikon/
A69: 19.β | B69: 19 | C69: Ασφάλεια δικτύων | D69: Βασικές και σημαντικές | E69: Τείχη προστασίας (firewalls) και, ανάλογα με την κρισιμότητα, IDS/IPS ή WAF. | F69: Μικτό | G69: Τα περιμετρικά firewalls είναι εκτός Microsoft 365. Το Microsoft 365 συμπληρώνει με Windows Firewall μέσω Intune και με Microsoft Entra Internet Access (web content filtering) ως Secure Web Gateway. Για workloads σε Azure: Azure Firewall και Azure Web Application Firewall. | H69: Ρυθμίσεις firewall. Intune: Endpoint security, Firewall. Global Secure Access: security profiles. | I69: Microsoft Entra Internet Access (Microsoft Entra Suite ή standalone· περιλαμβάνεται στο Microsoft 365 E7). Azure Firewall, Azure WAF (μόνο για workloads σε Azure) | K69: https://thecybersec.gr/posts/global-secure-access/global-secure-access-meros-3-internet-access-profile/ https://thecybersec.gr/posts/global-secure-access/global-secure-access-meros-1-ti-einai-sse/
A70: 19.γ | B70: 19 | C70: Ασφάλεια δικτύων | D70: Βασικές και σημαντικές | E70: Κανόνες ασφαλούς σύνδεσης, αυθεντικοποίησης και εξουσιοδότησης για την πρόσβαση στο δίκτυο και στις δικτυακές υπηρεσίες. | F70: Τεχνικό | G70: Global Secure Access με Conditional Access (compliant network check) και per-app πρόσβαση με Microsoft Entra Private Access. | H70: Conditional Access policies με Global Secure Access. Traffic logs. | I70: Microsoft Entra Private Access (Microsoft Entra Suite ή standalone· περιλαμβάνεται στο Microsoft 365 E7) | K70: https://thecybersec.gr/posts/global-secure-access/global-secure-access-meros-5-conditional-access/ https://thecybersec.gr/posts/global-secure-access/global-secure-access-meros-4-private-access-profile/
A71: 19.δ | B71: 19 | C71: Ασφάλεια δικτύων | D71: Βασικές και σημαντικές | E71: Αποτροπή σύνδεσης μη εξουσιοδοτημένων συσκευών στο εσωτερικό δίκτυο. | F71: Μικτό | G71: Το Network Access Control (802.1X) δεν καλύπτεται από προϊόντα Microsoft. Το Intune δίνει device compliance και πιστοποιητικά συσκευών για το 802.1X. Conditional Access με «Require compliant device» για τους πόρους. | H71: Ρυθμίσεις NAC. Intune: compliance policies. Conditional Access policies. | K71: https://thecybersec.gr/posts/global-secure-access/global-secure-access-meros-5-conditional-access/
A72: 19.ε | B72: 19 | C72: Ασφάλεια δικτύων | D72: Βασικές και σημαντικές | E72: Διαχωρισμός του δικτύου σε υποδίκτυα ή ζώνες (network segmentation) με βάση την κρισιμότητα. | F72: Μικτό | G72: Το segmentation είναι θέμα δικτυακής υποδομής, εκτός Microsoft 365. Το Microsoft Entra Private Access δίνει per-app πρόσβαση αντί για πρόσβαση σε ολόκληρο το δίκτυο. | H72: Διάγραμμα δικτύου με ζώνες. Private Access: application segments. | I72: Microsoft Entra Private Access (Microsoft Entra Suite ή standalone· περιλαμβάνεται στο Microsoft 365 E7) | K72: https://thecybersec.gr/posts/global-secure-access/global-secure-access-meros-4-private-access-profile/
A73: 19.στ | B73: 19 | C73: Ασφάλεια δικτύων | D73: Βασικές και σημαντικές | E73: Φιλτράρισμα της κίνησης μεταξύ των υποδικτύων, με βάση τις απαιτήσεις κάθε ζώνης. | F73: Οργανωτικό ή εκτός Microsoft 365 | G73: Εκτός Microsoft 365 (firewall rules μεταξύ ζωνών). Συμπληρωματικά, Windows Firewall rules μέσω Intune στα endpoints. | H73: Κανόνες firewall μεταξύ ζωνών.
A74: 19.ζ | B74: 19 | C74: Ασφάλεια δικτύων | D74: Βασικές και σημαντικές | E74: Ισχυρός έλεγχος πρόσβασης και αυθεντικοποίηση για τις απομακρυσμένες συνδέσεις, και για προμηθευτές. | F74: Τεχνικό | G74: Microsoft Entra Private Access με Conditional Access (MFA, compliant device) ως αντικαταστάτης του VPN. Conditional Access για external users. | H74: Conditional Access policies για remote access. Global Secure Access: traffic logs. | I74: Microsoft Entra Private Access (Microsoft Entra Suite ή standalone· περιλαμβάνεται στο Microsoft 365 E7) | K74: https://thecybersec.gr/posts/global-secure-access/global-secure-access-meros-4-private-access-profile/ https://thecybersec.gr/posts/global-secure-access/global-secure-access-meros-5-conditional-access/ https://thecybersec.gr/posts/global-secure-access/global-secure-access-meros-1-ti-einai-sse/
A75: 19.η | B75: 19 | C75: Ασφάλεια δικτύων | D75: Βασικές και σημαντικές | E75: Περιορισμός ανοικτών θυρών, πρωτοκόλλων και δικτυακών υπηρεσιών στο απολύτως απαραίτητο. | F75: Μικτό | G75: Windows Firewall rules μέσω Intune. Recommendations του Secure Score για παλαιά πρωτόκολλα (π.χ. block legacy authentication). Εντοπισμός internet-facing συσκευών στο Defender for Endpoint. | H75: Αποτελέσματα port scanning. Secure Score recommendations. Intune: Firewall policies. | I75: Microsoft Defender for Endpoint Plan 2 (Microsoft 365 E5 ή αντίστοιχο) για τον εντοπισμό internet-facing συσκευών | J75: Οι ανοικτές θύρες στον δικτυακό εξοπλισμό δεν καλύπτονται από το Microsoft 365. | K75: https://thecybersec.gr/posts/secure-score-grc-part-1-anatomy/
A76: 19.θ | B76: 19 | C76: Ασφάλεια δικτύων | D76: Βασικές και σημαντικές | E76: Βέλτιστες πρακτικές για την ασφάλεια του DNS και την ασφαλή δρομολόγηση. | F76: Μικτό | G76: Network protection στο Defender for Endpoint και FQDN/web content filtering στο Microsoft Entra Internet Access. SPF, DKIM και DMARC για τα email domains. DNSSEC και ασφάλεια δρομολόγησης είναι εκτός Microsoft 365. | H76: DNS records (SPF, DKIM, DMARC). Global Secure Access: filtering policies. | I76: Microsoft Entra Internet Access (Microsoft Entra Suite ή standalone· περιλαμβάνεται στο Microsoft 365 E7) | K76: https://thecybersec.gr/posts/global-secure-access/global-secure-access-meros-3-internet-access-profile/ https://thecybersec.gr/posts/global-secure-access/global-secure-access-meros-2-microsoft-traffic-profile/
A77: 19.ι | B77: 19 | C77: Ασφάλεια δικτύων | D77: Βασικές και σημαντικές | E77: Προστασία της διαθεσιμότητας των κρίσιμων υπηρεσιών. | F77: Οργανωτικό ή εκτός Microsoft 365 | G77: Δεν καλύπτεται από το Microsoft 365 για τις δικές σας υπηρεσίες. Για υπηρεσίες σε Azure: Azure DDoS Protection. Για τις υπηρεσίες του Microsoft 365 ισχύουν τα SLA της Microsoft. | H77: Μέτρα προστασίας DDoS, SLA παρόχων. | I77: Azure DDoS Protection (μόνο για υπηρεσίες σε Azure)
A78: 19.ια | B78: 19 | C78: Ασφάλεια δικτύων | D78: Βασικές και σημαντικές | E78: Περιοδική αξιολόγηση και επικαιροποίηση πολιτικών και διαδικασιών ασφάλειας δικτύων. | F78: Οργανωτικό ή εκτός Microsoft 365 | G78: Δεν καλύπτεται από ρύθμιση. | H78: Ιστορικό αναθεωρήσεων.
A79: 20.α | B79: 20 | C79: Προστασία από κακόβουλο λογισμικό | D79: Βασικές και σημαντικές | E79: Τεχνολογίες ανίχνευσης και εξουδετέρωσης κακόβουλου λογισμικού σε σταθμούς εργασίας, διακομιστές και δικτυακές συσκευές, με αυτόματες ενημερώσεις. | F79: Τεχνικό | G79: Microsoft Defender Antivirus και Microsoft Defender for Endpoint (cloud-delivered protection, αυτόματα security intelligence updates, tamper protection). | H79: Defender portal: Device health, Microsoft Defender Antivirus health report. | J79: Οι δικτυακές συσκευές δεν καλύπτονται από το Microsoft Defender for Endpoint. | K79: https://thecybersec.gr/posts/microsoft-defender-oikogeneia-praktikos-odigos/ https://thecybersec.gr/posts/defender-demystified-series/defender-demystified-part-2-four-workloads/ https://thecybersec.gr/posts/microsoft-defender-air-automated-investigation-response/ https://thecybersec.gr/posts/microsoft-defender-up-close-series/microsoft-defender-for-endpoint-deep-dive/ https://thecybersec.gr/posts/previews/defender-endpoint-ai-agent-runtime-protection-intune/ https://thecybersec.gr/giati-pige-sta-junk/
A80: 20.β | B80: 20 | C80: Προστασία από κακόβουλο λογισμικό | D80: Βασικές και σημαντικές | E80: Έλεγχος της εκτέλεσης εφαρμογών και ανίχνευση μη εξουσιοδοτημένου λογισμικού. | F80: Τεχνικό | G80: App Control for Business (πρώην WDAC) μέσω Intune και attack surface reduction rules. Software inventory και block vulnerable applications στο Defender Vulnerability Management. | H80: Intune: App Control policies, ASR rules report. Defender portal: Software inventory. | I80: Microsoft Defender for Endpoint Plan 2 (Microsoft 365 E5 ή αντίστοιχο) για το software inventory. Microsoft Defender Vulnerability Management (add-on ή standalone) για το block vulnerable applications | K80: https://thecybersec.gr/posts/microsoft-defender-up-close-series/microsoft-defender-for-endpoint-deep-dive/ https://thecybersec.gr/posts/previews/defender-endpoint-ai-agent-runtime-protection-intune/
A81: 20.γ | B81: 20 | C81: Προστασία από κακόβουλο λογισμικό | D81: Βασικές και σημαντικές | E81: Φιλτράρισμα και έλεγχος των μηνυμάτων ηλεκτρονικού ταχυδρομείου για κακόβουλα ή ανεπιθύμητα μηνύματα. | F81: Τεχνικό | G81: Exchange Online Protection και Microsoft Defender for Office 365: preset security policies, anti-phishing, Safe Links, Safe Attachments. | H81: Defender portal: Email & collaboration, Threat policies. Threat protection status report. | K81: https://thecybersec.gr/posts/new-features/mdo-encrypted-attachment-protection-mc1440701/ https://thecybersec.gr/posts/new-features/prompt-injection-protection-defender-office-365/ https://thecybersec.gr/posts/generally-available/mdo-mark-and-notify-localization/ https://thecybersec.gr/posts/defender-demystified-series/defender-demystified-part-2-four-workloads/ https://thecybersec.gr/posts/microsoft-defender-up-close-series/microsoft-defender-for-office-365-deep-dive/ https://thecybersec.gr/elegxos-domain/ https://thecybersec.gr/posts/homograph-attack-kyrillika-grammata/ https://thecybersec.gr/giati-pige-sta-junk/
A82: 20.δ | B82: 20 | C82: Προστασία από κακόβουλο λογισμικό | D82: Βασικές και σημαντικές | E82: Χρήση μόνο υποστηριζόμενων browsers, τακτική ενημέρωσή τους και περιορισμός των επεκτάσεων τρίτων. | F82: Τεχνικό | G82: Πολιτικές Microsoft Edge μέσω Intune (ενημερώσεις, allow list και block list επεκτάσεων). Browser extensions assessment στο Defender Vulnerability Management. | H82: Intune: Settings catalog, Microsoft Edge policies. Defender portal: Browser extensions. | I82: Microsoft Defender Vulnerability Management (add-on ή standalone) για το browser extensions assessment
A83: 20.ε | B83: 20 | C83: Προστασία από κακόβουλο λογισμικό | D83: Βασικές και σημαντικές | E83: Φιλτράρισμα που εμποδίζει τη σύνδεση με γνωστά κακόβουλα domains και ιστοτόπους. | F83: Τεχνικό | G83: Network protection, web content filtering και SmartScreen στο Defender for Endpoint. Web content filtering στο Microsoft Entra Internet Access. | H83: Defender portal: Web protection report. Global Secure Access: traffic logs. | I83: Microsoft Entra Internet Access (Microsoft Entra Suite ή standalone· περιλαμβάνεται στο Microsoft 365 E7) | K83: https://thecybersec.gr/posts/global-secure-access/global-secure-access-meros-3-internet-access-profile/ https://thecybersec.gr/posts/global-secure-access/global-secure-access-meros-5-conditional-access/ https://thecybersec.gr/posts/microsoft-defender-up-close-series/microsoft-defender-for-endpoint-deep-dive/
A84: 21.α | B84: 21 | C84: Εκπαίδευση και ευαισθητοποίηση σε θέματα κυβερνοασφάλειας | D84: Βασικές και σημαντικές | E84: Περιοδικά προγράμματα εκπαίδευσης και ευαισθητοποίησης για όλο το προσωπικό και τη διοίκηση, με συγκεκριμένη ελάχιστη θεματολογία. | F84: Μικτό | G84: Attack simulation training στο Microsoft Defender for Office 365 Plan 2 (προσομοιώσεις phishing και εκπαιδευτικές ενότητες). Κουμπί αναφοράς ύποπτων μηνυμάτων και αναφορά από το Teams. | H84: Defender portal: Attack simulation training, Reports (training completion). Βεβαιώσεις εκπαίδευσης. | I84: Microsoft Defender for Office 365 Plan 2 | J84: Το Attack simulation training δεν καλύπτει όλη τη θεματολογία της περίπτωσης α (π.χ. ασφάλεια οικιακού δικτύου, αντίγραφα ασφαλείας). Τα υπόλοιπα θέματα θέλουν ξεχωριστό εκπαιδευτικό υλικό. | K84: https://thecybersec.gr/posts/generally-available/mdo-mark-and-notify-localization/ https://thecybersec.gr/posts/new-features/report-a-call-report-a-meeting-teams-security-reporting/ https://thecybersec.gr/posts/microsoft-defender-up-close-series/microsoft-defender-for-office-365-deep-dive/ https://thecybersec.gr/posts/homograph-attack-kyrillika-grammata/ https://thecybersec.gr/tekmiriosi-ekpaideysis/ https://thecybersec.gr/kouiz-phishing/ https://thecybersec.gr/mitroo-politikon/
A85: 21.β | B85: 21 | C85: Εκπαίδευση και ευαισθητοποίηση σε θέματα κυβερνοασφάλειας | D85: Βασικές και σημαντικές | E85: Εξειδικευμένη εκπαίδευση για το τεχνικό προσωπικό, ανάλογα με τον ρόλο του. | F85: Οργανωτικό ή εκτός Microsoft 365 | G85: Δεν καλύπτεται από ρύθμιση. Πηγές: Microsoft Learn και πιστοποιήσεις ασφάλειας. | H85: Πλάνο εκπαίδευσης τεχνικού προσωπικού, πιστοποιητικά. | K85: https://thecybersec.gr/tekmiriosi-ekpaideysis/
A86: 21.γ | B86: 21 | C86: Εκπαίδευση και ευαισθητοποίηση σε θέματα κυβερνοασφάλειας | D86: Βασικές και σημαντικές | E86: Αξιολόγηση και επικαιροποίηση των προγραμμάτων εκπαίδευσης. | F86: Μικτό | G86: Μετρικές του Attack simulation training (compromise rate, repeat offenders) ως βάση για την αναθεώρηση. | H86: Αναφορές προσομοιώσεων ανά περίοδο. | I86: Microsoft Defender for Office 365 Plan 2 | K86: https://thecybersec.gr/tekmiriosi-ekpaideysis/
A87: 22.α | B87: 22 | C87: Χρήση κρυπτογραφίας | D87: Βασικές και σημαντικές | E87: Γραπτή πολιτική και διαδικασίες κρυπτογραφίας, σύμφωνες με το σχήμα ταξινόμησης. | F87: Οργανωτικό ή εκτός Microsoft 365 | G87: Δεν καλύπτεται από ρύθμιση. | H87: Εγκεκριμένη πολιτική κρυπτογράφησης δεδομένων και επικοινωνιών. | K87: https://thecybersec.gr/mitroo-politikon/
A88: 22.β | B88: 22 | C88: Χρήση κρυπτογραφίας | D88: Βασικές και σημαντικές | E88: Κρυπτογράφηση των δεδομένων αυξημένης κρισιμότητας σε αποθήκευση (encryption at rest): τερματικά, διακομιστές, αφαιρούμενα μέσα, εφαρμογές, βάσεις δεδομένων. | F88: Τεχνικό | G88: BitLocker μέσω Intune στα endpoints και BitLocker To Go στα αφαιρούμενα μέσα. Sensitivity labels με κρυπτογράφηση στο Microsoft Purview. Service encryption στο Microsoft 365. Για Windows Servers: BitLocker. Για SQL Server: Transparent Data Encryption. | H88: Intune: Encryption report. Purview: labels με encryption settings. | J88: Οι διακομιστές και οι βάσεις δεδομένων άλλων κατασκευαστών δεν καλύπτονται από προϊόντα Microsoft. | K88: https://thecybersec.gr/posts/new-features/secure-score-ai-readiness-tpm-vbs-hvci-laps/ https://thecybersec.gr/posts/purview-autolabeling-500k-scale-increase/
A89: 22.γ | B89: 22 | C89: Χρήση κρυπτογραφίας | D89: Βασικές και σημαντικές | E89: Κρυπτογράφηση των δεδομένων αυξημένης κρισιμότητας κατά τη μεταφορά (encryption in transit). | F89: Τεχνικό | G89: TLS στις υπηρεσίες του Microsoft 365. Microsoft Purview Message Encryption για email. Κρυπτογραφημένα tunnels στο Global Secure Access. | H89: Ρυθμίσεις connectors στο Exchange Online. Mail flow rules για κρυπτογράφηση. | I89: Microsoft Entra Internet Access ή Microsoft Entra Private Access (Microsoft Entra Suite ή standalone· περιλαμβάνεται στο Microsoft 365 E7) | K89: https://thecybersec.gr/posts/global-secure-access/global-secure-access-meros-2-microsoft-traffic-profile/ https://thecybersec.gr/posts/global-secure-access/global-secure-access-meros-4-private-access-profile/
A90: 22.δ | B90: 22 | C90: Χρήση κρυπτογραφίας | D90: Βασικές και σημαντικές | E90: Διαδικασίες για αλγορίθμους, πρωτόκολλα και διαχείριση κρυπτογραφικών κλειδιών και πιστοποιητικών. | F90: Μικτό | G90: Certificate profiles στο Intune. Microsoft Cloud PKI για την έκδοση πιστοποιητικών. Customer Key στο Microsoft Purview για όσους διαχειρίζονται δικά τους κλειδιά. | H90: Διαδικασία διαχείρισης κλειδιών. Intune: certificate profiles. | I90: Microsoft Cloud PKI (περιλαμβάνεται στο Microsoft 365 E5, αλλιώς πρόσθετο του Intune), Customer Key (Microsoft 365 E5)
A91: 22.ε | B91: 22 | C91: Χρήση κρυπτογραφίας | D91: Βασικές και σημαντικές | E91: Περιοδική αξιολόγηση και επικαιροποίηση των διαδικασιών κρυπτογραφίας. | F91: Οργανωτικό ή εκτός Microsoft 365 | G91: Δεν καλύπτεται από ρύθμιση. | H91: Ιστορικό αναθεωρήσεων.
A92: 23.α | B92: 23 | C92: Φυσική και περιβαλλοντική ασφάλεια | D92: Βασικές και σημαντικές | E92: Γραπτή πολιτική και διαδικασίες φυσικού ελέγχου πρόσβασης και προστασίας από φυσικούς και περιβαλλοντικούς κινδύνους. | F92: Οργανωτικό ή εκτός Microsoft 365 | G92: Εκτός Microsoft 365. Για τα δεδομένα που φιλοξενούνται στο Microsoft 365, οι εκθέσεις ελέγχου των datacenters της Microsoft βρίσκονται στο Service Trust Portal. | H92: Εγκεκριμένη πολιτική φυσικής και περιβαλλοντικής ασφάλειας. | K92: https://thecybersec.gr/mitroo-politikon/
A93: 23.β | B93: 23 | C93: Φυσική και περιβαλλοντική ασφάλεια | D93: Βασικές και σημαντικές | E93: Μέτρα φυσικής ασφάλειας και επίβλεψης στην περίμετρο και εσωτερικές ζώνες προστασίας. | F93: Οργανωτικό ή εκτός Microsoft 365 | G93: Εκτός Microsoft 365. | H93: Σχέδιο ζωνών, συστήματα επιτήρησης.
A94: 23.γ | B94: 23 | C94: Φυσική και περιβαλλοντική ασφάλεια | D94: Βασικές και σημαντικές | E94: Περιορισμός της φυσικής πρόσβασης στους χώρους κρίσιμων συστημάτων σε εξουσιοδοτημένο προσωπικό, με ταυτοποίηση και καταγραφή. | F94: Οργανωτικό ή εκτός Microsoft 365 | G94: Εκτός Microsoft 365. | H94: Αρχεία πρόσβασης στο computer room.
A95: 23.δ | B95: 23 | C95: Φυσική και περιβαλλοντική ασφάλεια | D95: Βασικές και σημαντικές | E95: Προστασία από φυσικούς και περιβαλλοντικούς κινδύνους (πυρκαγιά, πλημμύρα, εγκληματική δραστηριότητα). | F95: Οργανωτικό ή εκτός Microsoft 365 | G95: Εκτός Microsoft 365. | H95: Πυρανίχνευση, πυρόσβεση, συναγερμός.
A96: 23.ε | B96: 23 | C96: Φυσική και περιβαλλοντική ασφάλεια | D96: Βασικές και σημαντικές | E96: Προστασία και επίβλεψη των μέσων υποστήριξης (ηλεκτρισμός, νερό, εξαερισμός, κλιματισμός). | F96: Οργανωτικό ή εκτός Microsoft 365 | G96: Εκτός Microsoft 365. | H96: UPS, γεννήτρια, αρχεία συντήρησης.
A97: 23.στ | B97: 23 | C97: Φυσική και περιβαλλοντική ασφάλεια | D97: Βασικές και σημαντικές | E97: Περιοδική αξιολόγηση και επικαιροποίηση της πολιτικής και των διαδικασιών φυσικής ασφάλειας. | F97: Οργανωτικό ή εκτός Microsoft 365 | G97: Δεν καλύπτεται από ρύθμιση. | H97: Ιστορικό αναθεωρήσεων.
A98: 24.α | B98: 24 | C98: Διαχείριση περιστατικών κυβερνοασφάλειας | D98: Βασικές και σημαντικές | E98: Γραπτή πολιτική διαχείρισης περιστατικών: ρόλοι και διαδικασίες αναφοράς στις αρχές, και πλάνο ανίχνευσης, ανάλυσης, απόκρισης και ανάκαμψης. | F98: Μικτό | G98: Incidents queue του Microsoft Defender XDR ως το επιχειρησιακό εργαλείο του πλάνου. Automated investigation and response. Unified response actions για ταυτότητες. | H98: Εγκεκριμένη πολιτική και πλάνο. Defender portal: Incidents, Action center. | I98: Microsoft Defender XDR (Microsoft 365 E5 ή αντίστοιχο) για το automated investigation and response και τα response actions ταυτοτήτων | K98: https://thecybersec.gr/posts/microsoft-defender-air-automated-investigation-response/ https://thecybersec.gr/posts/new-features/defender-xdr-unified-response-actions-identity-accounts/ https://thecybersec.gr/posts/microsoft-defender-xdr-full-tutorial-ciso/ https://thecybersec.gr/posts/previews/isoc-integrated-security-operations-defender/ https://thecybersec.gr/posts/previews/isoc-sentinel-defender-xdr-poio-epilegeis/ https://thecybersec.gr/mitroo-politikon/
A99: 24.β | B99: 24 | C99: Διαχείριση περιστατικών κυβερνοασφάλειας | D99: Βασικές και σημαντικές | E99: Ορισμός τουλάχιστον ενός υπαλλήλου που συντονίζει (ή επιβλέπει, αν υπάρχει εξωτερικός ανάδοχος) την απόκριση σε περιστατικά. | F99: Μικτό | G99: Ανάθεση incidents σε συγκεκριμένο χρήστη στο Defender XDR. | H99: Απόφαση ορισμού. Defender portal: πεδίο «Assigned to» στα incidents. | K99: https://thecybersec.gr/posts/microsoft-defender-xdr-full-tutorial-ciso/ https://thecybersec.gr/mitroo-politikon/
A100: 24.γ | B100: 24 | C100: Διαχείριση περιστατικών κυβερνοασφάλειας | D100: Βασικές και σημαντικές | E100: Καταγραφή δραστηριοτήτων (event logging) σε διακομιστές, δικτυακές συσκευές, συσκευές χρηστών, συστήματα και εφαρμογές, ιδίως για ευαίσθητα δεδομένα και προνομιούχους λογαριασμούς. | F100: Τεχνικό | G100: Microsoft Purview Audit (unified audit log). Sign-in και audit logs του Entra ID. Telemetry του Defender for Endpoint. Sensors του Defender for Identity στους domain controllers. Audit history του PIM. | H100: Purview: Audit. Entra: Sign-in logs, Audit logs. Defender for Identity: sensor health. | I100: Microsoft Defender for Identity και Microsoft Defender for Endpoint Plan 2 (Microsoft 365 E5 ή αντίστοιχο), Microsoft Entra ID P2 (Privileged Identity Management), Microsoft Sentinel (για logs εκτός Microsoft 365) | J100: Οι δικτυακές συσκευές χρειάζονται συλλογή logs εκτός Microsoft 365, π.χ. με Microsoft Sentinel ή άλλο SIEM. | K100: https://thecybersec.gr/posts/new-features/defender-for-identity-health-issue-missing-windows-events/ https://thecybersec.gr/posts/new-features/defender-identity-health-alert-network-traffic/ https://thecybersec.gr/posts/new-features/defender-xdr-unified-identity-timeline/ https://thecybersec.gr/posts/secure-score-grc-part-3-operations/ https://thecybersec.gr/posts/generally-available/defender-identity-sensor-v3-automatic-activation/ https://thecybersec.gr/posts/microsoft-defender-up-close-series/microsoft-defender-for-identity-deep-dive/
...

Sheet Σύνοψη
A1: Άρθρο | B1: Τίτλος άρθρου ΚΥΑ | C1: Απαιτήσεις | D1: Δεν ξεκίνησε | E1: Σε εξέλιξη | F1: Υλοποιήθηκε | G1: Δεν εφαρμόζεται | H1: Χωρίς κατάσταση | I1: Ολοκλήρωση
A2: 4 | B2: Υποχρεώσεις και ευθύνη των ανωτάτων οργάνων διοίκησης | C2: =COUNTIF(Checklist!$B$2:$B$112,A2) | D2: =COUNTIFS(Checklist!$B$2:$B$112,$A2,Checklist!$L$2:$L$112,"Δεν ξεκίνησε") | E2: =COUNTIFS(Checklist!$B$2:$B$112,$A2,Checklist!$L$2:$L$112,"Σε εξέλιξη") | F2: =COUNTIFS(Checklist!$B$2:$B$112,$A2,Checklist!$L$2:$L$112,"Υλοποιήθηκε") | G2: =COUNTIFS(Checklist!$B$2:$B$112,$A2,Checklist!$L$2:$L$112,"Δεν εφαρμόζεται") | H2: =C2-SUM(D2:G2) | I2: =IF(C2-G2=0,0,F2/(C2-G2))
A3: 5 | B3: Πλαίσιο διαχείρισης κινδύνων | C3: =COUNTIF(Checklist!$B$2:$B$112,A3) | D3: =COUNTIFS(Checklist!$B$2:$B$112,$A3,Checklist!$L$2:$L$112,"Δεν ξεκίνησε") | E3: =COUNTIFS(Checklist!$B$2:$B$112,$A3,Checklist!$L$2:$L$112,"Σε εξέλιξη") | F3: =COUNTIFS(Checklist!$B$2:$B$112,$A3,Checklist!$L$2:$L$112,"Υλοποιήθηκε") | G3: =COUNTIFS(Checklist!$B$2:$B$112,$A3,Checklist!$L$2:$L$112,"Δεν εφαρμόζεται") | H3: =C3-SUM(D3:G3) | I3: =IF(C3-G3=0,0,F3/(C3-G3))
A4: 6 | B4: Πολιτικές και διαδικασίες ασφάλειας πληροφοριών | C4: =COUNTIF(Checklist!$B$2:$B$112,A4) | D4: =COUNTIFS(Checklist!$B$2:$B$112,$A4,Checklist!$L$2:$L$112,"Δεν ξεκίνησε") | E4: =COUNTIFS(Checklist!$B$2:$B$112,$A4,Checklist!$L$2:$L$112,"Σε εξέλιξη") | F4: =COUNTIFS(Checklist!$B$2:$B$112,$A4,Checklist!$L$2:$L$112,"Υλοποιήθηκε") | G4: =COUNTIFS(Checklist!$B$2:$B$112,$A4,Checklist!$L$2:$L$112,"Δεν εφαρμόζεται") | H4: =C4-SUM(D4:G4) | I4: =IF(C4-G4=0,0,F4/(C4-G4))
A5: 7 | B5: Ρόλοι, αρμοδιότητες και εξουσίες | C5: =COUNTIF(Checklist!$B$2:$B$112,A5) | D5: =COUNTIFS(Checklist!$B$2:$B$112,$A5,Checklist!$L$2:$L$112,"Δεν ξεκίνησε") | E5: =COUNTIFS(Checklist!$B$2:$B$112,$A5,Checklist!$L$2:$L$112,"Σε εξέλιξη") | F5: =COUNTIFS(Checklist!$B$2:$B$112,$A5,Checklist!$L$2:$L$112,"Υλοποιήθηκε") | G5: =COUNTIFS(Checklist!$B$2:$B$112,$A5,Checklist!$L$2:$L$112,"Δεν εφαρμόζεται") | H5: =C5-SUM(D5:G5) | I5: =IF(C5-G5=0,0,F5/(C5-G5))
A6: 8 | B6: Ανεξάρτητος έλεγχος ασφάλειας πληροφοριών | C6: =COUNTIF(Checklist!$B$2:$B$112,A6) | D6: =COUNTIFS(Checklist!$B$2:$B$112,$A6,Checklist!$L$2:$L$112,"Δεν ξεκίνησε") | E6: =COUNTIFS(Checklist!$B$2:$B$112,$A6,Checklist!$L$2:$L$112,"Σε εξέλιξη") | F6: =COUNTIFS(Checklist!$B$2:$B$112,$A6,Checklist!$L$2:$L$112,"Υλοποιήθηκε") | G6: =COUNTIFS(Checklist!$B$2:$B$112,$A6,Checklist!$L$2:$L$112,"Δεν εφαρμόζεται") | H6: =C6-SUM(D6:G6) | I6: =IF(C6-G6=0,0,F6/(C6-G6))
A7: 9 | B7: Διαδικασίες παρακολούθησης της συμμόρφωσης | C7: =COUNTIF(Checklist!$B$2:$B$112,A7) | D7: =COUNTIFS(Checklist!$B$2:$B$112,$A7,Checklist!$L$2:$L$112,"Δεν ξεκίνησε") | E7: =COUNTIFS(Checklist!$B$2:$B$112,$A7,Checklist!$L$2:$L$112,"Σε εξέλιξη") | F7: =COUNTIFS(Checklist!$B$2:$B$112,$A7,Checklist!$L$2:$L$112,"Υλοποιήθηκε") | G7: =COUNTIFS(Checklist!$B$2:$B$112,$A7,Checklist!$L$2:$L$112,"Δεν εφαρμόζεται") | H7: =C7-SUM(D7:G7) | I7: =IF(C7-G7=0,0,F7/(C7-G7))
A8: 10 | B8: Ασφάλεια ανθρώπινου δυναμικού | C8: =COUNTIF(Checklist!$B$2:$B$112,A8) | D8: =COUNTIFS(Checklist!$B$2:$B$112,$A8,Checklist!$L$2:$L$112,"Δεν ξεκίνησε") | E8: =COUNTIFS(Checklist!$B$2:$B$112,$A8,Checklist!$L$2:$L$112,"Σε εξέλιξη") | F8: =COUNTIFS(Checklist!$B$2:$B$112,$A8,Checklist!$L$2:$L$112,"Υλοποιήθηκε") | G8: =COUNTIFS(Checklist!$B$2:$B$112,$A8,Checklist!$L$2:$L$112,"Δεν εφαρμόζεται") | H8: =C8-SUM(D8:G8) | I8: =IF(C8-G8=0,0,F8/(C8-G8))
A9: 11 | B9: Διαχείριση υλικού και λογισμικού | C9: =COUNTIF(Checklist!$B$2:$B$112,A9) | D9: =COUNTIFS(Checklist!$B$2:$B$112,$A9,Checklist!$L$2:$L$112,"Δεν ξεκίνησε") | E9: =COUNTIFS(Checklist!$B$2:$B$112,$A9,Checklist!$L$2:$L$112,"Σε εξέλιξη") | F9: =COUNTIFS(Checklist!$B$2:$B$112,$A9,Checklist!$L$2:$L$112,"Υλοποιήθηκε") | G9: =COUNTIFS(Checklist!$B$2:$B$112,$A9,Checklist!$L$2:$L$112,"Δεν εφαρμόζεται") | H9: =C9-SUM(D9:G9) | I9: =IF(C9-G9=0,0,F9/(C9-G9))
A10: 12 | B10: Διαχείριση κινδύνων από τις σχέσεις με προμηθευτές και παρόχους υπηρεσιών Τ.Π.Ε. | C10: =COUNTIF(Checklist!$B$2:$B$112,A10) | D10: =COUNTIFS(Checklist!$B$2:$B$112,$A10,Checklist!$L$2:$L$112,"Δεν ξεκίνησε") | E10: =COUNTIFS(Checklist!$B$2:$B$112,$A10,Checklist!$L$2:$L$112,"Σε εξέλιξη") | F10: =COUNTIFS(Checklist!$B$2:$B$112,$A10,Checklist!$L$2:$L$112,"Υλοποιήθηκε") | G10: =COUNTIFS(Checklist!$B$2:$B$112,$A10,Checklist!$L$2:$L$112,"Δεν εφαρμόζεται") | H10: =C10-SUM(D10:G10) | I10: =IF(C10-G10=0,0,F10/(C10-G10))
A11: 13 | B11: Διαχείριση λογαριασμών και έλεγχος πρόσβασης | C11: =COUNTIF(Checklist!$B$2:$B$112,A11) | D11: =COUNTIFS(Checklist!$B$2:$B$112,$A11,Checklist!$L$2:$L$112,"Δεν ξεκίνησε") | E11: =COUNTIFS(Checklist!$B$2:$B$112,$A11,Checklist!$L$2:$L$112,"Σε εξέλιξη") | F11: =COUNTIFS(Checklist!$B$2:$B$112,$A11,Checklist!$L$2:$L$112,"Υλοποιήθηκε") | G11: =COUNTIFS(Checklist!$B$2:$B$112,$A11,Checklist!$L$2:$L$112,"Δεν εφαρμόζεται") | H11: =C11-SUM(D11:G11) | I11: =IF(C11-G11=0,0,F11/(C11-G11))
A12: 14 | B12: Ασφαλής παραμετροποίηση υλικού, λογισμικού, υπηρεσιών και δικτύων | C12: =COUNTIF(Checklist!$B$2:$B$112,A12) | D12: =COUNTIFS(Checklist!$B$2:$B$112,$A12,Checklist!$L$2:$L$112,"Δεν ξεκίνησε") | E12: =COUNTIFS(Checklist!$B$2:$B$112,$A12,Checklist!$L$2:$L$112,"Σε εξέλιξη") | F12: =COUNTIFS(Checklist!$B$2:$B$112,$A12,Checklist!$L$2:$L$112,"Υλοποιήθηκε") | G12: =COUNTIFS(Checklist!$B$2:$B$112,$A12,Checklist!$L$2:$L$112,"Δεν εφαρμόζεται") | H12: =C12-SUM(D12:G12) | I12: =IF(C12-G12=0,0,F12/(C12-G12))
A13: 15 | B13: Αρχές ασφαλούς ανάπτυξης εφαρμογών | C13: =COUNTIF(Checklist!$B$2:$B$112,A13) | D13: =COUNTIFS(Checklist!$B$2:$B$112,$A13,Checklist!$L$2:$L$112,"Δεν ξεκίνησε") | E13: =COUNTIFS(Checklist!$B$2:$B$112,$A13,Checklist!$L$2:$L$112,"Σε εξέλιξη") | F13: =COUNTIFS(Checklist!$B$2:$B$112,$A13,Checklist!$L$2:$L$112,"Υλοποιήθηκε") | G13: =COUNTIFS(Checklist!$B$2:$B$112,$A13,Checklist!$L$2:$L$112,"Δεν εφαρμόζεται") | H13: =C13-SUM(D13:G13) | I13: =IF(C13-G13=0,0,F13/(C13-G13))
... A23: 25 | B23: Επιχειρησιακή συνέχεια και διαχείριση κρίσεων | C23: =COUNTIF(Checklist!$B$2:$B$112,A23) | D23: =COUNTIFS(Checklist!$B$2:$B$112,$A23,Checklist!$L$2:$L$112,"Δεν ξεκίνησε") | E23: =COUNTIFS(Checklist!$B$2:$B$112,$A23,Checklist!$L$2:$L$112,"Σε εξέλιξη") | F23: =COUNTIFS(Checklist!$B$2:$B$112,$A23,Checklist!$L$2:$L$112,"Υλοποιήθηκε") | G23: =COUNTIFS(Checklist!$B$2:$B$112,$A23,Checklist!$L$2:$L$112,"Δεν εφαρμόζεται") | H23: =C23-SUM(D23:G23) | I23: =IF(C23-G23=0,0,F23/(C23-G23))
B24: Σύνολο | C24: =SUM(C2:C23) | D24: =SUM(D2:D23) | E24: =SUM(E2:E23) | F24: =SUM(F2:F23) | G24: =SUM(G2:G23) | H24: =SUM(H2:H23) | I24: =IF(C24-G24=0,0,F24/(C24-G24))
